round_epochs,loss,mae,mape,val_loss,val_mae,val_mape,batch_size,dropout,epochs,first_neuron
60,0.016373831778764725,0.09624937176704407,48.504268646240234,0.017389170825481415,0.11384272575378418,7045878.5,10,0.2,60,12
60,0.015937358140945435,0.09612326323986053,44.65913772583008,0.015523523092269897,0.103602834045887,6697558.5,10,0.2,60,24
60,0.014910423196852207,0.09356508404016495,44.78986740112305,0.014204960316419601,0.10154788941144943,6920600.0,10,0.2,60,48
