round_epochs,loss,mae,mape,val_loss,val_mae,val_mape,batch_size,dropout,epochs,first_neuron
60,0.014198241755366325,0.0923774316906929,741021.3125,0.0272122323513031,0.11011362075805664,33.631649017333984,10,0.2,60,12
60,0.013844557106494904,0.08976151049137115,679673.0,0.029514091089367867,0.11086788773536682,33.06084060668945,10,0.2,60,24
60,0.01296334620565176,0.08740866184234619,614445.5,0.03116432949900627,0.11870124191045761,35.35869216918945,10,0.2,60,48
