round_epochs,loss,mae,mape,val_loss,val_mae,val_mape,batch_size,dropout,epochs,first_neuron
60,0.016560759395360947,0.0988120511174202,52.470401763916016,0.016862181946635246,0.10914209485054016,7747418.0,10,0.2,60,12
60,0.017704281955957413,0.10411575436592102,54.49504852294922,0.023995082825422287,0.13284610211849213,10320440.0,10,0.2,60,24
60,0.016099529340863228,0.0979008674621582,53.725440979003906,0.02016151137650013,0.12129206210374832,9006249.0,10,0.2,60,48
60,0.019240494817495346,0.1067245751619339,58.18351364135742,0.014631479047238827,0.09317073225975037,5996257.0,10,0.4,60,12
60,0.018771352246403694,0.10915321111679077,58.92127227783203,0.026516616344451904,0.13822399079799652,8942645.0,10,0.4,60,24
